date,category,Россия,Россия - сумма по регионам,Наблюдение,Наблюдение (всего),Алтайский край,Амурская область,Архангельская область,Астраханская область,Белгородская область,Брянская область,Владимирская область,Волгоградская область,Вологодская область,Воронежская область,Еврейская автономная область,Забайкальский край,Ивановская область,Иркутская область,Кабардино-Балкарская Республика,Калининградская область,Калужская область,Камчатский край,Карачаево-Черкесская Республика,Кемеровская область,Кировская область,Костромская область,Краснодарский край,Красноярский край,Курганская область,Курская область,Ленинградская область,Липецкая область,Магаданская область,Москва,Московская область,Мурманская область,Ненецкий автономный округ,Нижегородская область,Новгородская область,Новосибирская область,Омская область,Оренбургская область,Орловская область,Пензенская область,Пермский край,Приморский край,Псковская область,Республика Адыгея,Республика Алтай,Республика Башкортостан,Республика Бурятия,Республика Дагестан,Республика Ингушетия,Республика Калмыкия,Республика Карелия,Республика Коми,Республика Крым,Республика Марий Эл,Республика Мордовия,Республика Саха (Якутия),Республика Северная Осетия - Алания,Республика Татарстан,Республика Тыва,Республика Хакасия,Республика Чувашия,Ростовская область,Рязанская область,Самарская область,Санкт-Петербург,Саратовская область,Сахалинская область,Свердловская область,Севастополь,Смоленская область,Ставропольский край,Тамбовская область,Тверская область,Томская область,Тульская область,Тюменская область,Удмуртская Республика,Ульяновская область,Хабаровский край,Ханты-Мансийский автономный округ,Челябинская область,Чеченская Республика,Чукотский автономный округ,Ямало-Ненецкий автономный округ,Ярославская область
17.03.2020,died,0,0,,,,,,,,,,,,,,,,,,,,,,,,,,,,,,,,,,,,,,,,,,,,,,,,,,,,,,,,,,,,,,,,,,,,,,,,,,,,,,,,,,,,,,,
18.03.2020,died,0,0,,,,,,,,,,,,,,,,,,,,,,,,,,,,,,,,,,,,,,,,,,,,,,,,,,,,,,,,,,,,,,,,,,,,,,,,,,,,,,,,,,,,,,,
19.03.2020,died,0,0,,,,,,,,,,,,,,,,,,,,,,,,,,,,,,,,,,,,,,,,,,,,,,,,,,,,,,,,,,,,,,,,,,,,,,,,,,,,,,,,,,,,,,,
20.03.2020,died,0,0,,,,,0,,0,,,,,0,,0,0,,,0,0,,,0,0,,0,0,,,0,0,,0,0,0,,0,,0,,0,,0,0,,,,,,,,,,,0,,,,0,,0,,0,0,,0,0,0,0,,0,,,,0,0,0,0,0,,0,0,0,,,,,0
21.03.2020,died,0,0,,,,,0,,0,,,,,0,,0,0,,0,0,0,,,0,0,,0,0,0,,0,0,,0,0,0,,0,,0,,0,,0,0,,,,,,,,,,,0,0,,,0,,0,,0,0,,0,0,0,0,,0,,,0,0,0,0,0,0,,0,0,0,0,,,,0
22.03.2020,died,0,0,,,,,0,,0,0,,,,0,,0,0,,0,0,0,,,0,0,,0,0,0,,0,0,,0,0,0,,0,0,0,,0,,0,0,,,,,,,,,,,0,0,,,0,,0,,0,0,,0,0,0,0,,0,,,0,0,0,0,0,0,0,0,0,0,0,0,,,0
23.03.2020,died,0,0,,,,,0,,0,0,,,,0,,0,0,,0,0,0,,,0,0,,0,0,0,,0,0,,0,0,0,,0,0,0,,0,,0,0,,,,,,,,,,,0,0,,,0,,0,,0,0,,0,0,0,0,,0,,,0,0,0,0,0,0,0,0,0,0,0,,,,0
24.03.2020,died,0,0,,,,,0,,0,0,,0,,0,,0,0,,0,0,0,,,0,0,,0,0,0,,0,0,,0,0,0,,0,0,0,,0,0,0,0,0,,,,0,,,,,,0,0,,,0,,0,,0,0,,0,0,0,0,,0,,,0,0,0,0,0,0,0,0,0,0,0,0,,,0
25.03.2020,died,0,0,,,,,0,,0,0,,0,,0,,0,0,,0,0,0,,,0,0,,0,0,0,,0,0,,0,0,0,,0,0,0,,0,0,0,0,0,0,,,0,,,,,,0,0,,,0,,0,,0,0,0,0,0,0,0,,0,,,0,0,0,0,0,0,0,0,0,0,0,0,,,0
26.03.2020,died,2,2,,,,,0,,0,0,,0,,0,,0,0,,0,0,0,,,0,0,,0,0,0,,0,0,,2,0,0,,0,0,0,,0,0,0,0,0,0,,,0,0,,,,,0,0,,,0,,0,,0,0,0,0,0,0,0,,0,,,0,0,0,0,0,0,0,0,0,0,0,0,,,0
27.03.2020,died,3,3,,,,,0,,0,0,,0,,0,,0,0,,0,0,0,,,0,0,,0,0,0,,0,0,,3,0,0,,0,0,0,,0,0,0,0,0,0,,,0,0,0,,,,0,0,,0,0,,0,,0,0,0,0,0,0,0,,0,,,0,0,0,0,0,0,0,0,0,0,0,0,,,0
28.03.2020,died,4,4,,,,,0,,0,0,,0,,0,,0,0,,0,0,0,,,0,0,0,0,0,0,,0,0,,4,0,0,,0,0,0,,0,0,0,0,0,0,0,,0,0,0,,,,0,0,,0,0,,0,,0,0,0,0,0,0,0,0,0,,0,0,0,0,0,0,0,0,0,0,0,0,0,,,0
29.03.2020,died,8,8,,,,0,0,,0,0,,0,,0,,0,0,0,0,0,0,,,0,0,0,0,0,0,,0,0,,6,0,0,,0,0,0,0,1,0,0,0,0,0,0,,0,0,0,,,,0,0,,0,0,,0,,0,0,0,0,0,1,0,0,0,,0,0,0,0,0,0,0,0,0,0,0,0,0,,,0
30.03.2020,died,9,9,,,0,0,0,,0,0,0,0,0,0,,0,0,0,0,0,0,,,0,0,0,0,0,0,,0,0,,6,0,0,,0,0,0,0,1,0,0,0,0,1,0,,0,0,0,,0,,0,0,0,0,0,,0,,0,0,0,0,0,1,0,0,0,0,0,0,0,0,0,0,0,0,0,0,0,0,0,,,0
31.03.2020,died,17,17,,,0,0,0,0,0,0,1,0,0,0,0,,,,,,,,,,,,,,,,,,,11,,,,,,,,1,,1,,,1,,,,,,,,,,,,,,,,,,,,,,2,,,,,,,,,,,,,,,,,,,,
01.04.2020,died,24,24,,,0,0,0,0,0,0,1,0,0,0,,0,0,0,0,0,0,,,0,0,0,0,0,0,0,0,0,0,16,1,0,,0,0,0,0,1,0,1,0,0,2,0,,0,0,0,,0,,0,0,0,0,0,0,0,,0,0,0,0,0,2,0,0,0,0,0,0,0,0,0,0,0,0,0,0,0,0,0,,,0
02.04.2020,died,30,30,,,0,0,0,0,0,0,1,0,0,0,,0,0,0,0,0,0,,,0,0,0,0,0,0,0,0,0,0,19,2,0,,0,0,0,0,1,0,1,1,0,2,0,,0,0,0,,0,,0,0,0,0,0,0,0,,0,0,0,0,0,2,0,0,0,0,0,0,0,0,0,0,0,0,0,0,0,0,1,,0,0
03.04.2020,died,34,34,,,0,0,0,0,0,0,1,0,0,0,0,0,0,0,0,0,0,,,0,0,0,0,0,0,0,0,0,0,20,2,0,,0,0,0,0,1,0,1,2,0,2,0,,0,0,0,0,0,,2,0,0,0,0,0,0,,0,0,0,0,0,2,0,0,0,0,0,0,0,0,0,0,0,0,0,0,0,0,1,,0,0
04.04.2020,died,43,43,,,0,0,0,0,0,0,1,0,0,0,0,0,0,0,0,0,0,,,0,0,1,0,0,0,0,0,0,0,27,2,0,,0,0,0,0,1,0,1,2,1,2,0,,0,0,0,0,0,,2,0,0,0,0,0,0,,0,0,0,0,0,2,0,0,0,0,0,0,0,0,0,0,0,0,0,0,0,0,1,,0,0
05.04.2020,died,45,45,,,0,0,0,0,0,0,1,0,0,0,0,0,0,0,0,0,0,0,,0,0,1,0,0,0,0,0,0,0,29,2,0,,0,0,0,0,1,0,1,2,1,2,0,,0,0,0,0,0,,2,0,0,0,0,0,0,,0,0,0,0,0,2,0,0,0,0,0,0,0,0,0,0,0,0,0,0,0,0,1,,0,0
06.04.2020,died,47,47,,,0,0,0,0,0,0,1,0,0,0,0,0,0,0,0,0,0,0,,0,0,1,0,0,0,0,0,0,0,29,3,0,,0,0,0,0,1,0,1,2,1,2,0,,0,0,0,0,0,0,3,0,0,0,0,0,0,,0,0,0,0,0,2,0,0,0,0,0,0,0,0,0,0,0,0,0,0,0,0,1,,0,0
07.04.2020,died,58,58,,,0,0,0,0,0,0,1,0,0,0,0,0,0,1,0,0,0,0,0,0,0,1,1,0,0,0,0,0,0,31,8,0,,0,0,0,0,1,0,1,2,2,2,0,,0,1,0,0,0,0,3,0,0,0,0,0,0,,0,0,0,0,0,2,0,0,0,0,0,0,0,0,0,0,0,0,0,0,0,0,1,,0,0
08.04.2020,died,63,63,,,0,0,0,0,0,0,1,0,0,0,0,0,0,2,0,0,0,0,0,0,0,1,1,0,0,0,0,0,0,31,10,0,,0,0,0,0,1,0,1,2,2,2,0,,0,1,0,0,0,0,3,0,0,0,0,1,0,,0,0,0,0,0,2,0,0,0,0,0,0,0,0,0,0,0,0,0,1,0,0,1,,0,0
09.04.2020,died,76,43,,,,,,,,,,,,,,,,,,,,,,,,,,,,,,,,43,,,,,,,,,,,,,,,,,,,,,,,,,,,,,,,,,,,,,,,,,,,,,,,,,,,,,,,
10.04.2020,died,94,94,,,0,0,0,0,0,0,1,0,0,0,0,0,0,2,0,0,0,0,0,0,0,1,3,0,0,0,0,0,0,50,13,0,,1,0,0,0,1,0,1,3,2,2,0,,0,1,0,0,0,0,3,0,1,0,0,1,0,0,0,0,0,0,0,4,0,0,0,0,0,1,0,0,0,0,0,0,0,1,0,0,1,,1,0
11.04.2020,died,106,106,,,0,0,0,0,0,0,1,0,0,0,0,0,0,2,0,1,0,0,0,0,0,1,3,0,0,0,0,0,0,58,14,0,,1,0,0,0,1,0,1,3,2,2,0,,0,1,0,0,0,0,3,0,1,0,0,1,0,0,0,0,0,0,0,4,0,0,0,0,0,2,0,0,0,0,0,0,0,2,0,0,1,,1,0
12.04.2020,died,130,130,,,0,0,0,0,0,0,1,0,0,0,0,0,0,2,0,1,0,0,0,0,0,2,3,0,0,0,0,0,0,72,18,0,,1,0,0,0,1,0,1,3,2,2,0,,1,1,0,1,0,0,3,0,1,0,0,1,0,0,0,0,0,0,0,4,0,0,0,0,1,2,0,0,0,0,0,0,0,2,0,0,3,,1,0
13.04.2020,died,148,148,,,0,0,0,0,0,0,1,0,0,0,0,0,0,2,0,1,0,0,0,0,0,2,3,0,0,0,0,0,0,82,19,1,,4,0,0,0,1,0,1,3,2,2,0,,1,1,0,1,0,0,3,0,1,0,0,2,0,0,0,0,0,0,0,4,0,0,0,0,1,2,0,0,0,0,0,0,0,2,0,0,5,,1,0
14.04.2020,died,170,170,,,0,0,0,0,0,0,2,0,0,1,0,0,0,2,0,1,0,0,0,0,0,2,3,0,0,0,0,0,0,95,24,1,,4,0,0,0,1,0,1,3,2,2,0,,3,1,0,1,0,0,3,0,1,0,0,2,0,0,0,0,0,0,0,4,0,0,0,0,1,2,0,0,0,0,0,0,0,2,0,0,5,,1,0
15.04.2020,died,198,198,,,0,0,0,1,1,0,2,0,0,1,0,0,0,2,0,1,0,0,0,0,0,2,3,0,0,0,0,0,0,106,26,1,0,4,0,0,0,1,0,2,3,2,4,0,,5,2,3,1,2,0,3,0,1,0,0,2,0,0,0,0,0,0,0,5,0,0,0,0,1,2,0,0,0,0,1,0,0,2,0,0,5,0,1,0
16.04.2020,died,232,232,,,0,0,0,3,2,0,5,0,0,1,0,0,0,2,0,1,1,0,0,0,0,2,3,0,0,2,0,0,0,113,33,1,0,4,0,1,0,2,0,2,3,2,4,1,,5,2,6,2,2,0,3,0,1,1,0,2,0,0,0,1,0,0,0,7,0,0,0,0,1,2,0,0,0,0,1,0,0,2,0,0,5,0,1,0
17.04.2020,died,273,273,,,0,0,0,3,2,1,5,0,0,1,0,0,0,2,0,1,1,0,0,0,2,2,3,0,0,2,0,0,0,127,40,1,0,4,0,2,0,2,0,2,3,2,4,2,0,8,2,9,2,3,0,3,0,1,1,0,2,0,0,0,1,0,0,0,7,0,0,0,0,2,2,0,0,0,0,2,3,2,3,0,0,5,0,1,0
18.04.2020,died,313,313,,,0,0,0,3,2,1,5,1,0,5,0,0,1,2,0,1,2,0,0,1,2,2,4,0,0,2,0,0,0,148,40,2,0,4,1,2,0,2,1,2,3,2,6,2,0,8,2,9,4,3,0,3,0,1,1,0,2,0,0,0,1,0,0,0,8,0,0,1,0,2,2,0,0,0,0,2,3,2,4,0,0,5,0,1,0
19.04.2020,died,361,361,,,0,0,0,3,2,1,5,1,0,5,0,0,1,2,0,1,2,0,0,1,2,2,5,0,0,2,0,1,0,176,49,3,0,4,1,3,0,2,1,5,3,2,6,2,0,10,2,9,5,3,0,3,0,1,1,0,2,0,0,0,1,0,0,0,8,0,0,1,0,2,3,0,0,0,0,2,3,2,4,0,0,5,0,1,0
20.04.2020,died,405,405,,,0,0,1,3,2,1,5,1,0,5,0,0,2,2,0,1,4,0,0,1,2,2,8,2,0,2,0,1,0,204,49,3,0,5,1,3,0,2,1,5,3,2,6,2,0,14,2,9,5,3,0,3,0,1,1,0,2,0,0,0,2,0,0,0,8,0,0,1,0,2,3,0,0,0,0,2,3,2,5,0,0,5,0,1,0
21.04.2020,died,456,456,,,0,0,1,3,2,1,5,1,0,6,0,0,2,3,1,1,6,0,0,1,2,2,8,2,0,3,0,2,0,233,49,3,0,5,1,4,0,2,1,5,3,2,6,2,0,14,2,11,9,3,0,3,0,1,1,0,2,0,0,0,5,0,0,0,11,0,0,1,0,2,4,0,0,0,1,2,3,2,5,0,0,5,0,1,0
22.04.2020,died,513,513,,,0,0,1,3,2,1,5,2,0,7,0,0,2,3,1,1,8,0,0,1,3,2,11,2,0,3,0,2,0,261,56,3,0,6,1,4,0,2,2,5,3,2,6,3,0,14,2,11,12,3,0,4,0,1,1,0,2,0,0,0,5,0,0,0,14,0,0,1,0,2,5,0,0,0,2,2,3,2,5,1,0,6,0,1,0
23.04.2020,died,555,555,,,0,0,1,3,2,2,5,2,0,7,0,0,2,3,1,1,8,0,0,1,3,2,14,5,0,3,0,2,0,288,56,3,0,7,1,4,0,2,2,5,4,2,6,3,0,14,2,11,13,3,0,4,0,1,1,0,2,0,0,0,5,0,0,0,17,0,0,1,0,2,5,0,0,0,3,2,3,2,5,1,0,6,0,1,1
24.04.2020,died,614,615,,,0,0,1,3,2,2,5,3,0,7,0,0,2,3,1,1,8,0,0,1,3,2,16,5,0,3,0,2,0,325,66,4,0,8,1,4,0,2,2,5,4,2,6,3,0,14,2,11,13,3,0,4,0,1,2,0,2,0,0,1,5,0,0,0,20,0,0,1,0,2,5,0,0,0,3,2,4,3,5,1,0,6,0,1,2
25.04.2020,died,681,681,,,1,0,1,4,2,2,5,5,0,8,0,0,2,3,1,1,8,0,0,1,3,3,18,5,0,4,0,2,0,366,69,4,0,8,1,4,1,2,2,6,4,2,6,3,0,14,2,11,13,3,0,4,0,1,2,0,2,0,0,2,7,0,0,0,23,2,0,1,0,2,5,1,0,0,4,3,4,3,5,1,0,6,0,1,2
26.04.2020,died,747,747,,,2,0,1,4,2,3,5,6,0,8,0,0,2,4,1,3,8,0,1,1,3,3,19,5,0,4,0,2,0,404,71,4,0,8,2,4,2,2,2,6,4,3,7,3,0,14,2,11,13,3,0,5,0,3,2,0,2,0,0,2,8,1,0,2,27,2,0,1,0,2,6,1,1,0,5,3,4,3,5,1,0,6,0,1,2
27.04.2020,died,794,795,,,1,0,1,4,2,4,5,8,0,8,0,0,2,4,1,3,8,0,2,1,3,3,19,5,0,4,0,2,0,435,71,4,0,9,2,4,1,2,2,6,4,3,8,3,0,14,2,11,17,3,0,5,0,3,2,1,2,0,0,2,8,2,3,2,27,2,0,1,0,2,6,1,1,0,5,3,5,4,5,2,0,6,0,1,3
28.04.2020,died,867,867,,,1,0,1,4,3,4,5,8,0,8,0,0,2,4,1,3,12,0,2,2,3,3,19,7,0,4,0,4,2,479,74,4,0,9,2,4,1,2,2,7,4,3,8,3,0,14,2,11,18,3,0,5,0,3,2,1,2,0,0,7,8,2,3,5,27,2,0,1,0,3,6,1,1,0,5,3,6,4,5,2,0,7,0,1,3
29.04.2020,died,972,972,,,1,0,1,4,3,4,5,8,0,8,0,0,2,4,2,3,12,0,2,2,4,3,20,7,0,4,1,2,2,546,90,4,0,11,2,4,2,3,3,7,5,3,8,3,0,14,2,12,19,3,0,5,0,2,3,2,2,1,0,7,8,3,3,5,29,2,0,1,0,3,10,1,1,0,6,3,6,4,5,2,1,7,0,1,4
30.04.2020,died,1073,1073,,,1,1,1,4,4,8,5,8,0,9,0,0,3,4,2,3,12,0,2,2,4,3,20,8,0,4,1,2,2,611,93,4,0,12,2,4,3,3,5,7,7,3,8,3,0,14,3,12,20,3,0,5,0,2,3,3,3,1,0,7,8,6,3,5,29,2,0,1,0,3,14,2,3,0,7,3,8,4,5,3,1,7,0,1,4
01.05.2020,died,1169,1169,,,1,1,5,4,5,9,7,8,0,9,0,0,3,4,2,5,12,0,2,2,4,3,20,9,0,4,3,2,2,658,109,4,0,14,2,5,3,3,5,7,7,4,8,3,0,14,4,12,22,3,0,5,0,3,3,3,4,1,0,7,8,9,5,5,33,2,0,1,0,3,14,2,3,1,7,3,8,4,5,3,1,7,0,1,5
02.05.2020,died,1222,1222,,,1,1,1,4,5,9,7,9,0,9,0,0,3,4,2,6,12,0,2,2,4,3,20,9,0,4,3,2,2,695,109,4,0,14,2,7,3,4,6,7,9,4,8,5,0,14,4,12,23,4,0,5,0,3,3,3,4,2,0,7,8,9,5,5,33,3,0,1,1,3,14,2,3,1,7,3,9,4,7,3,2,8,0,1,5
03.05.2020,died,1280,1280,,,1,1,1,4,5,9,7,10,0,9,0,0,4,4,2,6,12,0,2,2,4,3,20,11,0,4,3,2,2,729,111,4,0,16,2,7,3,4,7,7,9,4,8,6,0,14,4,13,25,5,0,5,0,4,3,4,6,2,0,7,8,9,5,5,34,3,0,1,2,3,15,2,3,1,8,3,9,4,7,3,2,8,0,3,5
04.05.2020,died,1356,1356,,,2,1,1,4,5,12,12,12,0,11,0,0,5,4,2,9,12,0,2,4,4,3,21,11,0,4,3,2,2,764,111,4,0,16,2,9,3,4,7,8,9,4,8,6,0,14,4,13,26,5,0,7,0,4,4,4,6,3,0,7,8,10,5,5,37,3,0,1,2,4,17,2,6,1,8,3,10,4,7,4,3,8,0,3,5
05.05.2020,died,1451,1451,,,3,1,1,6,5,12,12,12,0,12,0,0,6,4,3,11,12,0,2,4,4,3,21,12,0,4,3,2,2,816,127,4,0,16,4,9,3,4,7,8,9,7,8,7,0,14,4,14,26,5,0,7,0,4,5,4,7,3,0,8,8,11,5,6,37,3,0,1,2,5,18,2,8,1,9,4,10,4,7,4,3,8,0,3,5
06.05.2020,died,1537,1537,,,3,1,1,6,5,12,12,12,1,12,0,0,7,4,3,11,12,0,2,4,4,3,21,12,0,4,3,2,2,866,141,4,0,16,5,11,3,4,7,8,9,8,8,7,0,14,4,15,27,5,0,7,0,4,5,4,7,3,0,8,8,12,5,6,40,3,0,3,2,5,20,2,8,1,9,4,10,4,7,4,3,8,0,3,11
07.05.2020,died,1625,1625,,,3,1,1,6,6,12,12,12,1,12,0,0,7,4,3,11,13,0,2,4,4,3,21,12,0,4,3,2,2,905,156,4,0,23,5,12,4,4,7,8,10,10,8,7,0,14,4,16,28,5,0,11,1,4,6,4,9,4,0,8,8,12,5,8,44,4,0,3,2,5,20,2,8,1,10,5,10,4,7,4,3,8,0,3,11
08.05.2020,died,1723,1723,,,3,1,1,6,6,17,12,12,1,12,0,0,7,4,3,11,13,0,3,5,4,3,21,12,0,6,4,2,2,956,175,4,0,23,5,12,6,5,7,8,10,10,8,7,0,14,4,17,28,5,0,11,1,4,8,4,10,4,0,8,8,16,5,8,48,4,0,3,2,5,20,2,8,2,11,5,11,4,7,4,3,8,0,3,11
09.05.2020,died,1827,1827,,,3,1,1,6,6,17,13,12,1,12,1,0,10,4,3,11,14,0,3,6,4,3,21,13,0,6,6,2,2,1010,186,4,0,26,5,14,6,5,7,8,11,10,8,7,0,15,5,18,28,5,0,14,2,5,8,4,10,5,0,8,8,19,5,9,53,4,0,3,2,7,20,2,10,2,12,5,11,4,7,4,3,8,0,3,11
10.05.2020,died,1915,1915,,,3,1,3,6,6,17,15,12,1,12,1,0,10,4,3,11,15,0,3,6,4,3,22,14,0,6,6,3,3,1068,195,5,0,29,5,15,6,5,9,8,11,10,8,7,0,15,5,18,29,6,0,14,2,5,8,4,10,5,0,8,8,21,5,9,53,4,0,3,2,7,20,2,10,2,12,5,11,4,7,4,4,8,0,3,11
11.05.2020,died,2009,2009,,,3,1,3,6,6,22,15,12,1,12,1,0,11,4,3,11,15,0,3,7,5,3,22,15,0,6,6,3,3,1124,209,5,0,31,5,15,7,5,9,10,11,10,8,7,0,15,5,20,29,6,0,15,2,5,8,4,10,5,0,8,8,22,5,9,56,5,0,3,2,7,20,2,10,3,12,5,12,4,7,4,4,8,0,3,11
12.05.2020,died,2116,2116,,,3,1,3,7,8,29,15,12,1,12,1,1,12,4,4,11,15,0,3,7,5,3,22,15,0,6,6,3,3,1179,219,5,0,32,5,16,7,5,10,10,12,12,8,7,0,16,5,23,29,6,0,15,2,6,8,4,12,6,0,8,8,24,7,9,58,5,0,3,2,9,21,2,10,3,14,6,12,4,7,6,4,9,0,3,11
13.05.2020,died,2212,2212,,,3,1,3,7,8,30,15,13,1,12,1,1,12,4,6,11,19,1,3,7,5,3,22,15,0,6,6,3,3,1232,226,5,0,35,5,16,7,5,10,10,12,12,8,8,0,16,5,26,32,6,1,16,2,7,9,4,13,6,1,9,8,25,7,9,63,6,0,3,2,9,21,3,10,4,14,6,12,5,7,6,4,9,0,3,11
14.05.2020,died,2305,2305,,,3,1,3,7,8,30,15,13,2,12,1,1,12,4,7,11,19,1,3,7,5,3,24,15,0,6,6,3,3,1290,240,6,0,37,5,16,7,5,10,10,12,12,8,8,0,16,5,26,33,6,1,16,2,7,9,4,13,6,1,9,8,25,7,9,69,6,0,4,2,10,23,3,10,4,16,6,12,5,7,6,5,9,0,3,11
15.05.2020,died,2418,2418,,,3,1,3,7,9,30,15,13,2,12,2,2,13,4,7,11,19,1,3,7,5,3,24,16,0,7,7,3,3,1358,253,6,0,40,5,18,7,5,10,10,13,12,8,8,0,16,6,27,35,6,1,16,2,7,9,4,13,6,1,9,8,25,7,9,74,7,0,5,2,10,26,3,10,4,18,6,12,5,7,8,6,9,0,3,11
16.05.2020,died,2537,2537,,,3,1,3,7,9,30,15,13,3,13,2,3,13,4,7,11,19,1,4,7,5,3,24,18,0,7,8,3,3,1432,262,6,0,42,5,20,7,5,10,10,13,12,9,8,0,17,6,27,35,8,1,17,2,7,9,4,15,7,1,10,8,28,7,9,80,7,0,6,2,11,26,4,10,4,19,7,12,5,9,8,6,9,0,3,11
17.05.2020,died,2631,2631,,,3,1,3,7,9,30,15,13,3,13,2,4,13,4,7,11,19,1,4,7,5,3,25,18,0,7,8,4,3,1503,268,6,0,43,5,20,7,5,10,11,13,12,9,8,0,17,6,29,35,8,1,17,2,7,9,4,15,7,1,10,8,31,7,9,85,8,0,6,2,11,26,4,10,4,19,7,12,5,9,9,6,9,0,3,11
18.05.2020,died,2722,2722,,,3,1,3,7,9,30,15,13,3,13,2,5,13,4,7,11,19,1,4,7,5,3,26,18,0,7,8,4,3,1580,268,6,0,43,5,20,7,5,10,11,13,14,9,8,0,17,6,29,35,8,1,17,2,7,9,4,15,7,1,10,8,31,7,10,90,8,0,6,2,11,28,4,10,4,19,7,12,5,9,9,6,10,0,3,12
19.05.2020,died,2837,2837,,,4,1,4,7,11,30,15,13,3,13,2,6,15,4,7,11,19,2,4,7,5,3,26,20,0,7,8,4,3,1651,271,6,0,45,5,22,7,5,10,12,13,14,9,8,0,17,6,32,35,8,1,18,2,8,9,4,15,8,1,10,8,31,7,11,95,11,0,7,2,11,31,4,11,4,19,7,12,5,9,11,9,11,0,3,12
20.05.2020,died,2972,2972,,,6,1,4,7,12,31,15,13,3,13,2,7,16,6,7,11,20,2,4,7,5,6,26,21,0,7,8,4,3,1726,285,7,0,49,5,22,7,5,10,12,13,14,9,8,0,18,6,36,35,10,1,18,2,8,9,5,18,8,1,10,8,33,7,11,99,12,0,8,2,12,32,5,11,4,20,7,12,6,9,12,10,11,0,5,12
21.05.2020,died,3099,3099,,,7,1,4,7,12,31,15,13,3,13,2,7,16,6,8,14,21,2,4,7,6,7,26,22,0,7,8,4,3,1794,299,7,0,53,5,23,7,5,10,13,13,14,9,8,0,18,6,41,36,10,1,19,2,8,9,6,22,8,1,10,9,33,7,13,104,15,0,10,2,13,34,5,11,4,20,7,12,6,9,12,11,11,0,5,13
22.05.2020,died,3249,3249,,,7,1,4,8,12,31,15,13,3,13,2,10,16,8,8,17,21,2,4,7,6,8,26,25,0,8,8,4,3,1867,312,7,0,57,5,25,7,5,10,13,13,14,9,8,0,18,6,65,38,11,1,19,3,8,11,6,22,8,1,10,9,34,7,14,107,16,0,12,2,13,36,5,14,4,20,7,12,6,9,13,11,11,0,5,13
23.05.2020,died,3388,3388,,,7,1,4,8,12,31,16,14,4,14,2,12,17,9,8,18,23,2,4,7,7,8,27,28,0,8,8,4,3,1934,324,7,0,60,5,27,16,5,10,13,14,15,9,9,0,18,6,70,38,11,1,19,3,8,12,6,23,9,1,10,9,34,7,15,113,18,0,14,2,13,38,5,15,4,20,7,12,6,10,15,11,12,1,5,13
24.05.2020,died,3541,3541,,,7,5,4,10,13,31,16,15,4,14,2,12,17,9,8,18,26,6,4,7,8,8,27,28,0,8,8,5,3,1993,329,7,0,65,5,29,18,5,12,13,14,15,9,9,0,18,7,84,38,11,1,19,3,9,12,7,27,9,1,10,10,34,7,16,133,20,0,16,2,15,38,6,17,9,20,7,12,6,10,17,12,12,1,6,13
25.05.2020,died,3633,3633,,,7,5,4,11,15,31,16,15,4,14,2,12,17,9,8,18,26,6,4,7,8,8,28,28,0,8,9,5,3,2034,340,7,0,65,5,29,18,5,12,15,14,15,10,9,0,18,7,97,41,11,1,19,3,10,12,7,27,9,1,10,11,34,7,16,138,22,0,18,3,16,40,6,17,9,20,7,12,6,10,17,12,13,1,6,13
26.05.2020,died,3807,3807,,,9,5,4,11,15,31,17,16,4,14,3,14,18,10,8,21,27,6,4,7,8,8,28,28,0,9,11,5,3,2110,349,7,0,72,5,30,18,6,16,15,16,17,10,9,0,18,7,118,42,12,1,20,3,10,12,7,32,9,1,10,11,34,7,17,150,25,0,20,3,21,41,6,17,10,20,7,12,7,10,17,13,13,1,6,13
27.05.2020,died,3968,3968,,,10,5,5,12,15,31,17,16,5,14,3,17,18,10,12,21,29,7,5,7,10,9,29,29,0,9,11,5,3,2183,359,7,0,78,6,31,18,6,16,17,19,17,10,9,0,18,8,130,47,12,1,21,3,10,12,7,32,9,1,10,12,34,7,17,158,30,0,21,3,25,42,6,19,10,24,7,12,7,10,17,13,13,1,6,13
28.05.2020,died,4142,4142,,,10,5,5,15,15,31,18,16,5,15,3,17,18,10,14,21,29,7,5,7,11,9,29,29,0,10,11,5,3,2254,380,7,0,84,6,31,18,6,18,17,19,17,10,9,0,18,8,151,50,12,1,22,3,10,12,7,37,10,2,10,12,35,7,18,167,32,0,23,3,29,43,7,22,10,30,7,12,7,11,17,14,13,1,7,13
29.05.2020,died,4374,4374,,,12,5,5,15,18,31,20,18,7,15,3,18,18,11,14,24,31,8,5,7,13,9,31,35,0,10,11,5,3,2330,400,7,0,89,7,31,18,6,24,17,20,18,10,9,0,18,10,201,50,14,1,23,3,11,12,8,43,10,2,10,12,36,7,20,178,34,0,25,3,30,45,7,22,11,33,7,12,8,11,17,15,13,1,9,14
30.05.2020,died,4555,4555,,,12,5,5,15,18,31,21,18,7,15,3,19,18,11,16,24,31,8,5,7,15,10,31,39,0,10,11,5,3,2408,424,7,0,93,8,32,18,6,24,19,20,19,10,9,0,18,10,226,50,14,1,23,3,13,12,8,46,10,2,10,14,38,7,20,191,34,0,26,3,34,46,7,22,11,36,8,12,8,11,18,16,13,1,9,14
31.05.2020,died,4693,4693,,,12,5,5,15,19,31,21,19,7,15,3,20,18,11,17,24,31,8,5,7,17,10,32,39,0,13,11,6,3,2477,449,7,0,98,8,32,18,6,25,19,20,19,10,9,0,18,10,235,50,15,1,24,3,13,12,8,46,10,2,10,14,38,7,20,204,34,0,27,3,36,46,7,22,11,36,8,12,8,11,18,16,13,1,9,14
01.06.2020,died,4855,4855,,,12,5,5,16,19,31,21,20,7,15,3,20,18,11,20,24,31,8,5,7,17,11,33,39,0,13,11,6,3,2553,473,7,0,104,8,33,18,6,25,19,20,19,10,9,0,18,10,260,50,15,1,24,3,13,12,8,50,10,2,10,14,38,7,20,213,34,0,29,3,39,47,7,22,11,36,8,12,8,12,18,18,13,1,10,14
02.06.2020,died,5037,5037,,,12,5,7,19,20,31,24,20,7,16,3,21,18,13,21,24,32,8,5,7,17,11,36,40,0,13,15,6,3,2624,495,7,0,111,8,34,18,7,26,20,22,19,10,9,0,18,10,271,52,15,1,24,3,13,13,8,56,10,2,10,14,40,9,22,223,34,0,31,3,41,47,8,28,11,39,8,12,10,12,18,19,13,1,10,14
03.06.2020,died,5215,5215,,,12,5,7,19,22,31,27,20,11,16,4,22,18,14,23,24,34,8,5,7,17,11,38,43,0,13,15,7,3,2685,515,7,0,116,8,34,18,8,27,22,22,19,10,9,0,18,10,287,58,16,2,25,4,13,14,9,57,10,2,10,14,40,9,23,240,34,0,33,3,41,50,8,33,11,42,8,12,12,13,18,20,14,1,11,14
04.06.2020,died,5384,5384,,,12,5,8,19,22,31,27,21,11,16,4,24,20,15,25,24,34,8,7,7,17,11,40,46,0,15,15,8,3,2749,534,7,0,122,8,36,18,8,28,24,26,21,10,9,0,18,10,287,60,16,2,25,5,13,14,11,57,10,2,10,15,43,10,23,264,35,0,35,3,41,53,8,37,11,44,9,12,12,14,18,21,14,1,11,15
05.06.2020,died,5528,5528,,,13,5,9,20,22,31,30,21,11,16,4,26,20,16,27,24,34,10,7,7,18,11,41,49,0,15,17,8,3,2806,539,7,0,125,9,38,18,8,31,26,27,22,11,9,0,18,10,288,61,16,2,25,5,14,15,14,57,10,2,10,15,43,10,23,291,35,0,37,3,41,56,8,39,11,47,10,12,12,15,18,23,14,1,11,15
06.06.2020,died,5725,5725,,,14,5,9,22,25,31,30,21,11,16,4,27,22,16,29,24,35,10,7,7,18,12,42,49,0,15,18,8,3,2864,557,7,0,131,9,40,18,8,32,26,28,22,12,10,0,18,11,298,61,16,2,26,5,15,18,15,57,10,2,10,16,46,10,25,346,36,0,39,3,41,57,8,41,11,49,11,12,13,16,20,26,14,1,11,15
07.06.2020,died,5859,5859,,,14,5,9,22,27,31,30,23,11,16,4,27,22,16,31,24,36,10,8,7,20,12,43,49,0,16,18,8,3,2919,567,7,0,136,9,41,18,8,32,26,28,23,12,10,0,18,11,303,61,16,2,26,5,15,18,15,57,10,2,10,16,47,10,27,377,36,0,41,3,42,60,8,41,11,49,12,12,14,17,20,28,14,1,11,15
08.06.2020,died,5971,5971,,,14,5,10,22,27,31,30,23,11,16,4,29,22,16,33,24,36,10,9,7,20,12,44,49,0,16,18,8,3,2970,578,7,0,140,10,42,18,8,32,26,28,23,12,10,0,18,11,308,61,16,2,26,5,16,18,15,57,10,2,10,16,48,10,29,392,37,0,43,3,43,62,8,41,11,49,12,12,16,17,21,31,15,1,11,15
09.06.2020,died,6141,6141,,,15,5,10,22,28,31,34,24,11,16,4,31,25,18,33,25,36,10,9,7,20,12,46,50,0,17,19,8,4,3029,590,7,0,145,11,44,18,8,32,28,28,24,12,10,0,18,11,309,62,16,2,27,5,16,18,15,57,10,2,10,18,51,10,32,433,37,0,46,3,44,63,8,44,11,51,12,12,16,17,21,33,16,1,13,15
10.06.2020,died,6358,6358,,,16,5,13,23,32,31,38,24,13,17,4,32,25,20,34,29,36,10,9,7,22,12,47,53,0,19,23,8,4,3085,622,7,0,150,11,46,18,10,35,28,30,25,12,12,0,18,11,309,62,16,2,27,5,16,18,19,57,10,2,10,18,54,10,34,482,37,0,48,3,44,65,8,49,11,51,12,12,18,18,23,37,16,1,13,15
11.06.2020,died,6532,6532,,,19,5,15,23,33,32,42,25,13,19,4,38,25,20,34,30,37,10,9,7,23,12,47,59,0,19,23,8,4,3138,644,7,0,152,11,48,23,10,35,28,32,25,12,12,0,18,11,309,62,16,2,28,7,16,20,20,58,10,2,10,18,59,11,37,520,37,0,48,3,44,66,8,49,11,53,12,12,18,19,24,37,16,1,13,15
12.06.2020,died,6715,6715,,,19,5,16,24,33,32,44,25,13,21,4,40,27,20,35,31,39,10,9,7,23,12,49,64,0,20,23,9,4,3187,666,7,0,159,12,50,23,11,35,28,38,26,16,12,0,18,11,309,62,18,2,28,7,17,20,20,58,10,2,10,18,64,11,40,561,37,0,48,3,47,67,10,50,11,56,13,12,18,19,24,37,17,1,15,16
13.06.2020,died,6829,6829,,,19,5,16,24,34,32,45,27,13,21,4,40,27,20,35,31,39,10,9,7,25,12,50,64,0,20,23,9,4,3231,678,7,0,165,12,53,23,11,35,30,38,26,19,12,0,18,11,313,62,18,2,28,7,18,20,20,66,10,2,10,18,65,12,43,569,38,0,50,3,49,68,10,50,11,56,13,12,18,19,26,40,17,1,15,16
14.06.2020,died,6948,6948,,,19,6,19,24,36,32,45,27,13,22,4,40,27,20,38,31,39,10,9,7,26,12,52,64,0,22,23,9,4,3281,678,7,0,168,12,55,23,11,35,31,38,26,19,12,0,18,11,316,62,18,2,28,7,18,21,20,66,10,2,10,18,67,12,46,597,38,0,50,3,49,69,10,50,11,58,14,12,20,19,27,43,17,1,16,16
15.06.2020,died,7091,7091,,,19,6,19,24,36,32,46,29,13,22,4,40,27,20,39,31,39,10,9,7,26,12,52,65,0,22,23,10,4,3334,690,7,0,173,16,57,23,11,36,31,39,26,19,12,0,18,11,319,62,18,2,28,7,19,21,23,66,10,2,10,18,67,12,49,635,38,0,50,3,51,70,10,50,11,60,14,12,21,19,27,47,17,1,17,16
16.06.2020,died,7284,7284,,,21,6,19,25,36,32,46,29,14,24,4,40,30,22,39,32,39,10,9,7,26,12,53,66,0,22,24,10,4,3386,702,7,0,175,18,60,24,11,39,31,49,28,19,12,0,18,11,328,63,18,2,28,7,19,22,23,66,10,2,10,18,71,12,50,689,39,0,54,3,52,71,12,51,11,64,15,12,24,19,29,47,17,1,18,16
17.06.2020,died,7478,7478,,,22,7,19,25,36,32,47,31,14,27,5,40,31,24,40,32,41,10,9,7,28,12,55,71,0,23,25,11,4,3434,728,9,0,179,18,62,24,13,44,31,51,29,19,12,0,18,11,335,64,18,2,28,7,19,22,23,66,10,3,12,21,72,14,51,727,39,0,57,3,56,72,12,52,11,67,15,12,24,20,30,47,19,1,21,16
18.06.2020,died,7660,7660,,,24,7,25,26,38,32,48,31,15,28,5,40,32,27,41,33,41,22,9,7,28,13,57,75,0,23,25,11,4,3483,751,9,0,181,20,63,24,13,44,33,54,30,19,12,0,18,12,338,64,18,2,28,7,19,22,23,66,10,3,12,21,76,14,53,756,40,0,60,3,57,75,12,53,11,71,15,12,25,21,32,51,19,1,21,16
19.06.2020,died,7841,7841,,,24,7,27,27,38,32,49,32,16,30,5,40,34,31,42,33,42,22,9,7,30,13,57,79,0,25,25,11,4,3531,755,9,0,188,20,65,24,13,45,34,62,32,19,12,0,18,12,341,64,18,2,28,7,19,23,23,66,11,3,13,21,80,15,53,793,40,0,64,3,58,78,14,55,14,75,15,13,30,22,32,60,19,1,22,16
20.06.2020,died,8002,8002,,,25,7,27,27,38,32,50,32,16,30,5,40,35,40,43,33,42,22,9,7,30,14,60,86,0,26,25,11,4,3565,778,9,0,193,20,68,25,14,45,34,63,33,19,12,0,18,14,344,64,18,2,28,7,20,23,23,66,11,3,13,23,85,16,53,814,41,0,69,3,59,82,15,57,14,78,16,15,34,23,33,61,20,1,25,17
21.06.2020,died,8111,8111,,,27,7,30,28,38,32,51,33,16,30,5,40,35,40,45,33,43,22,9,7,30,15,63,86,0,26,27,12,4,3597,783,9,0,198,20,70,25,14,45,34,66,33,19,12,0,18,16,348,64,18,2,28,7,20,23,23,66,11,3,13,23,90,17,53,840,41,0,70,3,59,83,15,57,14,81,16,15,34,23,34,61,20,1,25,17
22.06.2020,died,8206,8206,,,27,7,32,28,39,34,52,33,16,30,5,40,35,40,47,33,43,28,9,8,32,15,65,86,0,27,27,12,4,3617,783,9,0,201,20,72,25,14,45,34,66,36,19,12,0,18,16,351,64,18,2,29,7,20,23,24,66,11,3,13,24,90,17,53,869,41,0,71,3,59,85,15,59,14,83,16,15,35,23,35,62,20,1,27,17
23.06.2020,died,8359,8359,,,29,7,33,28,41,34,54,34,17,31,5,40,35,40,47,33,43,28,10,8,33,15,67,93,0,28,27,12,4,3643,798,9,0,205,20,76,27,14,46,35,66,37,19,12,0,18,16,357,67,18,2,29,7,20,24,24,66,11,3,15,24,94,17,53,904,42,0,75,3,61,85,15,61,14,86,16,15,35,24,37,70,20,1,30,17
24.06.2020,died,8513,8513,,,29,7,35,29,42,34,55,34,17,33,5,40,37,42,47,37,43,28,12,8,33,15,69,99,0,30,27,13,4,3657,822,11,0,207,20,78,27,15,51,36,72,39,19,12,0,18,16,360,67,21,2,29,7,21,24,24,66,11,3,15,25,97,17,53,942,42,0,79,3,61,87,17,61,14,89,16,15,35,26,38,70,20,1,33,18
25.06.2020,died,8605,8605,,,29,9,37,29,42,34,55,35,17,33,5,41,39,44,48,37,43,28,12,9,33,15,70,99,1,30,27,13,4,3669,832,11,0,212,20,82,27,15,51,37,76,40,19,12,0,18,17,364,67,21,2,29,8,21,24,25,66,11,3,15,25,100,17,53,961,42,0,82,3,61,89,17,64,14,90,16,15,35,27,38,70,21,1,34,18
26.06.2020,died,8781,8781,,,30,9,39,29,42,34,59,35,17,34,5,41,40,50,49,37,44,28,12,9,34,15,71,107,1,31,27,14,4,3694,846,12,0,215,20,83,27,17,54,38,78,41,19,12,0,18,17,367,67,21,2,29,8,22,25,27,67,11,3,15,28,105,18,53,1008,42,0,85,3,62,90,17,64,14,93,16,15,35,28,41,88,21,1,34,18
27.06.2020,died,8969,8969,,,31,9,50,30,42,34,61,36,17,35,5,41,40,55,50,37,44,28,12,9,34,17,73,115,1,32,28,14,4,3714,858,12,0,223,25,87,27,18,57,38,78,41,21,12,0,18,17,369,67,22,2,30,8,22,26,28,67,11,3,15,28,115,18,53,1065,42,0,90,3,63,92,19,67,14,97,16,16,36,28,44,88,21,1,34,19
28.06.2020,died,9073,9073,,,31,9,53,30,42,34,62,36,17,35,5,41,43,55,52,37,44,28,12,9,35,17,74,115,1,32,30,15,4,3738,864,13,0,226,25,91,27,18,59,38,78,41,21,12,0,18,18,371,67,22,2,30,9,23,26,28,67,11,3,15,30,117,19,53,1086,43,0,91,4,64,94,19,68,14,100,17,16,36,28,48,88,22,1,37,19
29.06.2020,died,9166,9166,,,31,9,54,30,42,34,63,37,17,35,5,41,43,56,53,37,44,28,12,9,35,17,74,115,1,32,30,16,4,3761,875,13,0,229,25,93,30,18,59,40,78,42,21,12,0,18,19,373,68,23,3,30,10,23,26,29,67,11,3,15,31,120,19,53,1105,43,0,93,4,65,95,19,68,14,103,17,16,36,28,52,88,22,1,37,19
30.06.2020,died,9320,9320,,,33,11,58,31,42,34,64,39,17,38,5,42,44,59,53,37,44,28,12,9,35,17,76,120,1,34,32,16,4,3796,887,15,0,234,25,96,30,19,61,41,78,44,22,14,0,18,19,374,68,23,3,30,10,23,26,30,67,11,3,15,31,125,19,56,1136,43,0,95,4,65,97,19,69,14,107,17,16,39,29,55,88,22,1,37,19
01.07.2020,died,9536,9536,,,36,13,61,32,42,34,65,39,17,41,5,42,45,63,53,38,44,28,13,9,37,21,78,137,1,36,32,16,4,3831,911,16,0,242,26,99,30,19,66,42,78,46,23,14,1,18,19,380,68,23,3,33,11,23,27,32,67,12,3,15,32,127,19,56,1182,44,0,101,4,65,98,19,72,14,111,18,16,43,29,56,88,23,1,39,19
02.07.2020,died,9683,9683,,,38,13,61,32,42,34,65,41,17,41,5,42,45,66,54,38,44,28,15,9,38,21,79,137,1,37,32,17,4,3870,921,16,0,249,26,101,30,20,66,43,78,48,23,14,1,18,19,383,69,23,3,33,11,23,27,32,67,12,3,15,33,130,19,56,1227,44,0,107,4,66,99,19,72,17,114,18,16,43,29,59,88,23,1,40,19
03.07.2020,died,9859,9859,,,40,13,64,32,42,34,68,41,17,41,5,42,48,69,54,38,45,28,15,9,40,21,81,146,1,37,34,17,4,3904,928,18,0,254,27,105,30,21,69,44,80,49,25,14,1,18,21,386,69,24,3,34,11,23,27,32,67,13,3,17,34,134,19,58,1272,45,0,114,4,66,99,19,74,17,118,18,16,43,30,63,88,23,1,42,19
04.07.2020,died,10027,10027,,,42,13,67,33,42,34,71,43,17,44,5,43,49,69,56,38,48,28,15,10,41,21,81,164,1,39,34,18,4,3929,936,19,0,259,27,105,30,22,73,46,80,50,26,14,1,19,21,389,69,25,3,35,11,24,27,32,67,13,4,17,37,137,20,58,1303,45,0,119,5,67,102,19,77,20,122,18,17,48,30,65,88,24,1,43,19
05.07.2020,died,10161,10161,,,44,16,68,33,42,34,74,43,17,44,6,43,49,69,56,38,48,28,15,10,42,21,82,164,1,39,34,18,4,3953,947,21,0,263,28,112,33,22,73,48,80,51,26,14,1,19,21,391,69,25,3,35,11,24,27,32,67,13,4,17,40,139,20,58,1345,45,0,124,5,68,103,19,80,20,125,18,17,48,30,69,88,24,1,44,19
06.07.2020,died,10296,10296,,,45,16,68,33,42,34,77,44,17,44,6,44,49,69,57,39,48,28,15,10,42,21,82,164,1,39,34,18,4,3975,947,21,0,268,28,116,35,22,73,50,85,52,28,14,1,19,22,393,69,26,3,35,11,24,27,32,67,13,13,18,40,141,21,58,1389,45,0,131,5,70,104,19,83,20,129,18,17,48,32,72,88,24,1,45,19
07.07.2020,died,10494,10494,,,47,16,72,35,42,34,80,45,17,47,6,44,49,76,60,40,48,28,15,10,42,22,83,172,1,41,34,18,4,3999,965,21,0,271,28,120,37,23,73,52,86,54,31,14,1,19,22,397,70,26,3,35,11,24,27,34,67,14,19,18,43,146,21,58,1437,46,0,138,5,71,106,19,86,21,133,18,17,49,33,75,88,25,1,47,22
08.07.2020,died,10667,10667,,,49,20,81,35,42,35,81,45,17,51,6,44,51,82,60,40,48,28,15,10,42,22,83,181,1,43,35,19,4,4027,970,21,0,275,28,124,38,23,73,54,91,55,31,14,1,19,22,400,71,26,3,35,12,24,27,34,67,14,25,19,43,149,21,59,1484,47,0,141,5,72,109,19,88,21,137,18,17,49,34,78,88,25,1,47,22
09.07.2020,died,10843,10843,,,49,22,83,35,42,35,84,45,17,54,6,44,53,86,60,41,49,29,15,11,42,22,83,195,2,43,36,19,4,4059,979,23,0,279,32,128,38,25,75,56,91,56,33,14,1,19,24,404,71,26,3,35,12,24,28,34,67,15,25,19,43,152,21,59,1520,47,0,144,5,74,112,19,91,21,141,18,19,52,35,81,88,26,1,51,22
10.07.2020,died,11017,11017,,,49,23,86,35,42,35,86,47,19,59,6,44,55,87,60,41,50,29,15,11,42,22,83,212,2,45,36,19,4,4087,992,26,0,282,39,133,40,27,75,60,91,57,34,14,1,19,24,407,71,27,3,35,12,26,28,35,67,15,31,19,43,156,21,61,1541,47,0,154,5,75,114,19,94,22,145,18,19,52,36,85,88,26,1,52,22
11.07.2020,died,11205,11205,,,50,23,96,35,42,35,88,47,19,63,6,44,57,94,61,41,51,29,15,12,43,23,85,225,2,45,37,19,4,4116,996,28,0,288,46,137,40,28,75,63,95,58,34,14,1,19,25,410,71,27,3,35,12,26,28,35,67,15,32,19,46,161,21,63,1583,47,0,156,5,75,116,19,97,23,150,19,19,52,37,89,88,26,1,56,22
12.07.2020,died,11335,11335,,,51,23,104,35,42,35,90,48,19,63,6,45,58,94,61,41,51,29,17,13,44,23,87,232,2,46,37,19,4,4143,1002,29,0,293,52,142,40,28,75,65,96,59,36,14,1,19,25,413,71,27,3,36,12,26,29,35,67,15,32,19,46,163,21,64,1603,47,0,157,5,76,119,19,98,23,153,19,19,53,42,91,88,27,1,56,22
13.07.2020,died,11439,11439,,,51,23,105,36,42,35,91,48,19,63,6,45,59,94,61,41,51,29,18,13,45,23,88,232,2,46,39,19,5,4168,1009,32,0,299,54,146,40,28,75,66,96,59,36,14,1,19,25,415,71,27,3,36,12,26,29,35,67,15,32,19,46,164,22,64,1626,47,0,163,5,78,120,19,101,24,156,20,19,53,42,93,88,27,1,56,22
14.07.2020,died,11614,11614,,,52,27,108,37,42,35,94,50,19,67,6,46,59,98,61,41,52,29,18,14,47,24,88,234,2,48,40,19,5,4205,1015,35,0,305,56,148,42,30,75,67,97,59,38,14,1,19,26,417,71,27,3,38,12,29,29,35,67,16,40,19,47,167,22,66,1657,47,0,172,5,79,120,21,103,24,161,20,19,54,43,94,88,28,1,57,22
15.07.2020,died,11770,11770,,,54,30,113,38,42,35,96,50,19,69,6,46,59,107,61,42,52,29,20,14,49,24,89,235,3,48,42,19,5,4234,1022,39,0,312,56,152,44,32,75,68,97,60,39,14,1,19,27,419,71,27,3,39,12,30,29,37,67,16,42,19,47,172,22,70,1676,48,0,175,5,81,123,28,105,25,166,21,19,54,43,96,88,28,1,57,22
16.07.2020,died,11937,11937,,,54,30,116,38,42,35,100,51,19,71,6,47,61,109,61,43,54,35,20,14,49,24,92,251,3,48,42,19,6,4258,1033,42,0,318,61,155,46,32,75,69,100,60,41,16,1,19,29,419,71,27,3,39,12,31,30,38,67,17,45,23,48,173,22,73,1698,49,0,179,5,83,124,28,107,25,171,22,19,56,44,96,88,28,1,59,22
17.07.2020,died,12123,12123,,,55,31,129,39,43,35,103,52,19,75,7,47,63,115,63,43,54,42,20,15,50,24,93,256,3,49,46,19,6,4271,1043,44,0,325,63,160,47,33,77,70,103,61,42,16,1,20,32,422,71,30,3,40,12,31,30,39,67,18,45,25,48,178,23,73,1728,50,0,188,5,84,126,30,111,25,175,22,19,59,46,97,88,29,1,59,22
18.07.2020,died,12247,12247,,,56,31,129,39,43,35,106,52,19,77,7,47,64,120,63,43,54,42,20,15,52,24,94,259,3,49,46,20,6,4285,1048,47,0,330,63,163,50,34,77,71,107,62,43,16,1,20,32,424,71,33,3,40,13,31,32,39,67,19,45,25,48,183,23,73,1755,51,0,193,6,86,128,30,113,26,178,22,19,59,48,100,88,29,1,60,22
19.07.2020,died,12342,12342,,,56,33,129,39,43,35,108,53,19,77,7,47,64,120,64,43,54,42,20,15,52,24,96,260,3,49,46,20,6,4299,1058,49,0,336,64,168,50,34,77,72,107,63,45,16,1,20,32,426,71,34,3,40,13,31,32,40,67,19,45,25,49,183,24,73,1781,51,0,193,6,87,128,30,116,26,182,22,19,59,49,103,88,29,1,60,22
20.07.2020,died,12427,12427,,,57,33,129,39,43,35,109,53,19,77,7,47,64,122,64,43,54,42,20,15,53,24,97,260,3,49,46,20,7,4314,1061,52,0,340,64,171,52,34,77,73,108,63,45,16,1,21,32,427,71,34,3,40,13,31,32,40,67,19,45,26,49,183,24,74,1807,51,0,195,6,87,130,30,118,26,186,22,19,59,51,106,88,30,1,60,22
21.07.2020,died,12580,12580,,,57,33,132,40,43,35,113,54,19,77,7,47,65,123,64,43,54,42,20,15,54,24,98,276,3,49,47,20,7,4331,1067,55,0,346,65,177,54,36,78,74,109,65,46,16,1,21,35,428,71,34,3,40,13,31,32,40,67,21,45,27,50,187,24,76,1834,53,0,205,6,88,131,30,120,27,191,22,22,60,52,106,88,30,1,64,24
22.07.2020,died,12745,12745,,,57,33,133,41,45,35,116,55,19,78,7,47,65,132,64,43,56,42,20,15,56,25,99,290,7,49,48,20,7,4350,1072,57,0,351,69,179,54,38,80,75,113,66,46,17,1,21,36,430,72,34,3,40,13,31,32,40,67,21,46,28,50,192,26,77,1862,54,0,210,6,89,134,30,122,28,196,22,22,63,52,112,89,30,1,68,24
23.07.2020,died,12892,12892,,,59,42,133,42,46,35,118,55,19,78,7,47,69,144,64,43,56,42,20,15,57,26,100,299,7,49,50,21,7,4364,1075,59,0,354,70,184,56,40,80,76,123,67,48,18,1,21,36,431,72,34,3,40,13,31,32,44,67,21,46,29,50,197,26,78,1881,54,0,213,6,91,137,30,124,28,200,23,23,65,52,115,89,30,1,70,24
24.07.2020,died,13046,13046,,,59,45,148,42,46,35,121,57,20,78,7,47,74,150,65,43,56,42,20,15,59,26,100,300,7,49,50,21,7,4375,1085,61,0,358,70,190,56,41,81,77,131,67,49,18,1,21,37,433,73,36,4,40,14,31,32,47,67,21,46,30,51,201,27,78,1908,55,0,220,6,92,140,30,126,29,205,24,23,65,52,117,89,31,1,70,25
25.07.2020,died,13192,13192,,,60,47,152,43,46,35,123,57,20,78,7,47,79,150,66,43,56,42,20,16,59,26,102,305,7,49,56,21,7,4389,1089,64,0,362,70,196,60,41,87,78,137,68,51,18,1,21,37,436,73,37,4,41,14,31,33,48,67,21,47,30,51,203,27,79,1936,55,0,231,6,93,142,30,128,29,209,24,23,65,52,120,90,31,1,72,25
26.07.2020,died,13269,13269,,,64,47,152,43,46,35,124,58,20,78,8,47,83,150,66,43,56,42,20,16,63,26,103,305,7,49,56,21,7,4398,1089,66,0,365,70,200,62,41,87,79,137,70,51,20,1,21,37,439,73,37,4,41,14,31,33,50,67,21,47,30,51,203,27,80,1945,55,0,236,6,93,145,30,130,30,213,25,23,65,52,124,90,31,1,73,25
27.07.2020,died,13354,13354,,,64,47,152,44,46,35,125,59,21,78,8,47,86,154,66,43,56,42,20,16,65,26,104,305,7,49,56,21,7,4411,1098,68,0,368,70,206,62,41,87,80,139,70,52,20,1,21,37,442,73,37,4,41,14,31,33,50,67,22,49,30,51,205,27,81,1955,55,0,240,6,93,145,30,132,30,216,25,23,66,53,128,90,31,1,73,25
28.07.2020,died,13504,13504,,,64,47,166,45,46,35,128,61,21,79,8,47,88,164,68,43,56,42,20,16,68,26,106,311,9,49,56,22,10,4421,1100,68,0,374,70,211,62,44,88,81,141,74,52,20,1,21,39,442,73,37,4,45,15,31,34,50,67,22,50,31,51,210,28,81,1978,56,0,243,6,94,148,30,134,31,220,25,23,72,55,128,91,31,1,74,25
29.07.2020,died,13673,13673,,,66,47,169,46,46,35,132,61,24,80,8,47,90,167,70,45,56,42,21,18,68,26,108,318,9,49,56,22,10,4434,1102,71,0,377,70,218,64,44,89,81,150,77,53,20,2,21,39,444,73,37,11,48,15,33,34,54,67,22,55,31,51,215,28,85,2001,57,0,251,8,94,151,30,137,33,226,25,24,72,57,128,92,32,1,76,27
30.07.2020,died,13802,13802,,,66,47,169,47,47,35,136,61,24,80,8,47,91,171,70,45,56,42,21,18,69,26,110,325,9,49,56,22,12,4446,1105,74,0,379,71,223,68,46,89,81,150,79,53,20,3,22,39,445,73,38,12,50,15,33,34,57,67,22,55,32,51,219,29,87,2023,58,0,264,9,97,154,30,140,34,229,25,24,73,58,128,92,32,1,77,28
31.07.2020,died,13963,13963,,,66,47,182,47,47,35,139,62,25,82,8,47,94,174,70,45,56,42,23,18,69,26,113,331,9,50,56,22,13,4460,1106,77,0,384,71,230,68,47,89,81,166,81,54,20,5,22,40,445,73,38,12,57,15,34,34,58,67,22,57,32,54,225,30,89,2043,59,0,270,9,101,156,30,142,36,234,25,25,73,59,128,93,32,1,77,29
01.08.2020,died,14058,14058,,,68,47,185,48,47,35,144,63,25,82,8,47,97,176,70,45,56,42,23,18,71,26,114,331,10,50,56,22,13,4473,1109,79,0,388,72,234,68,47,90,81,166,82,54,20,7,22,40,445,73,38,12,58,15,34,38,58,67,22,57,32,54,230,30,90,2052,59,0,276,9,101,159,30,144,37,239,25,26,73,61,129,94,32,1,78,29
02.08.2020,died,14128,14128,,,68,47,185,49,47,35,146,64,25,82,8,47,99,176,70,45,56,42,23,18,73,26,116,331,10,50,56,22,13,4485,1113,79,0,390,72,240,68,47,91,82,166,84,54,20,7,23,40,445,74,38,12,58,15,34,38,59,67,22,57,32,56,233,30,91,2056,60,0,281,9,101,161,30,147,38,243,25,26,73,61,130,94,33,1,79,29
03.08.2020,died,14207,14207,,,68,47,185,49,47,35,147,65,25,82,8,47,102,178,71,45,56,42,23,18,73,26,117,337,10,50,56,22,13,4498,1114,81,0,393,72,246,71,47,91,83,166,87,54,20,7,23,40,445,74,38,12,58,15,34,38,59,67,23,58,32,56,236,30,94,2062,60,0,285,9,102,163,30,148,38,248,25,27,73,63,131,94,33,1,79,30
04.08.2020,died,14351,14351,,,78,47,198,50,47,35,149,65,26,83,8,47,104,182,71,45,56,42,23,18,73,26,119,341,10,51,56,22,13,4510,1117,84,0,397,72,251,76,49,93,84,167,87,55,21,7,23,40,446,74,40,12,59,15,35,38,60,67,24,59,32,58,240,30,97,2084,61,0,294,9,104,165,30,149,40,250,25,27,73,65,133,94,33,1,79,31
05.08.2020,died,14490,14490,,,78,47,203,50,49,35,153,67,26,88,8,47,107,189,71,45,56,42,23,18,75,27,121,345,10,51,56,22,14,4521,1119,86,0,399,72,255,79,50,93,85,169,87,55,21,7,23,42,447,74,40,12,61,15,35,38,60,67,25,60,32,62,245,31,102,2102,61,0,300,10,105,167,36,150,40,256,26,31,73,67,135,95,33,1,79,31
06.08.2020,died,14606,14606,,,80,47,203,50,49,35,156,68,26,90,8,47,107,198,72,45,56,42,24,18,76,27,123,348,10,51,56,22,14,4534,1120,88,0,401,72,262,79,51,93,86,173,88,55,21,7,24,42,449,74,41,12,64,16,35,38,61,67,27,60,33,62,249,32,103,2118,62,0,307,11,106,169,36,153,42,261,26,31,73,69,136,95,33,1,79,31
07.08.2020,died,14725,14725,,,85,47,207,51,50,35,158,69,26,92,8,48,107,206,73,45,56,42,24,18,76,27,126,353,10,51,56,22,14,4546,1120,90,0,403,72,269,82,51,93,87,175,90,55,21,7,24,42,451,74,42,12,64,16,36,38,62,67,27,60,33,62,255,32,104,2136,62,0,315,11,106,172,36,153,43,266,28,33,73,71,137,95,33,1,79,31
08.08.2020,died,14854,14854,,,89,47,219,52,51,35,161,70,26,93,8,49,107,206,74,45,56,42,24,19,78,27,128,358,10,51,61,22,14,4560,1122,94,0,405,72,273,85,54,94,88,175,90,57,21,7,25,42,453,74,42,13,66,16,36,38,63,67,27,60,35,62,261,34,105,2146,63,0,322,11,108,174,37,156,43,270,28,33,73,73,139,95,34,1,79,31
09.08.2020,died,14931,14931,,,91,47,219,52,51,35,163,72,26,93,8,49,107,206,75,46,56,42,24,19,79,30,129,361,10,51,61,22,14,4572,1123,96,0,408,72,280,88,55,94,89,175,90,57,21,7,25,42,454,74,42,13,69,17,36,38,63,67,27,60,35,64,261,34,107,2149,63,0,327,11,109,177,37,158,45,275,28,33,73,73,140,95,34,1,79,31
10.08.2020,died,15001,15001,,,91,47,219,53,51,35,165,72,27,93,8,49,107,209,75,46,56,42,24,19,80,30,131,365,10,51,61,22,14,4585,1124,98,0,410,72,285,92,55,94,90,175,92,57,21,7,25,42,455,74,42,13,69,17,36,38,63,67,27,60,35,64,261,34,107,2156,63,0,337,11,110,178,37,160,45,277,28,34,73,73,141,95,34,1,79,31
11.08.2020,died,15131,15131,,,95,47,220,54,51,35,168,73,28,93,8,49,108,214,75,47,56,42,24,19,81,30,132,371,10,51,62,23,14,4599,1127,101,0,414,72,292,94,57,95,91,177,94,58,21,7,25,42,458,75,42,13,71,17,36,38,64,67,27,60,35,64,268,34,110,2176,63,0,342,11,112,181,37,161,48,281,28,34,73,73,141,96,35,1,82,31
12.08.2020,died,15260,15260,,,96,47,220,54,51,35,172,75,29,96,8,49,108,214,75,53,58,42,25,19,82,30,134,376,11,51,62,23,15,4611,1132,104,0,418,72,297,101,58,96,92,179,95,58,22,7,25,42,461,75,42,13,71,18,36,38,66,67,28,60,37,65,271,34,111,2188,64,0,351,11,114,183,43,161,48,284,28,34,73,75,143,98,35,1,82,32
13.08.2020,died,15384,15384,,,96,47,227,55,51,35,175,75,29,96,8,49,109,221,75,53,58,42,25,19,83,30,136,380,12,51,66,23,15,4622,1136,107,0,421,72,303,106,62,96,93,182,96,58,22,7,25,42,464,75,42,14,73,19,36,38,66,67,28,60,37,66,274,36,113,2203,64,0,358,12,115,186,44,163,49,287,28,34,73,76,145,98,35,1,82,32
14.08.2020,died,15498,15498,,,96,47,234,56,51,35,178,77,29,97,8,50,110,224,75,53,58,42,25,19,84,32,138,383,13,51,66,23,15,4633,1139,109,0,426,72,306,111,64,97,94,182,96,59,22,7,26,42,467,75,42,14,73,19,36,38,66,67,28,60,37,66,278,37,115,2225,65,0,362,12,116,189,44,165,51,290,28,34,73,77,146,99,35,1,82,32
15.08.2020,died,15617,15617,,,96,47,241,57,51,35,182,78,30,97,8,50,111,225,75,53,58,42,25,19,85,33,141,387,14,51,66,23,15,4645,1141,112,0,429,72,309,116,65,98,95,184,96,59,23,7,26,42,469,75,42,14,76,20,36,38,66,67,29,60,37,68,284,37,117,2245,66,0,367,12,118,193,44,167,51,292,28,34,73,79,148,99,37,1,82,32
16.08.2020,died,15685,15685,,,98,47,241,58,51,35,184,79,30,97,8,51,111,225,75,53,58,42,25,19,86,33,143,387,14,51,66,23,15,4656,1144,116,0,431,72,312,122,65,98,96,186,97,59,23,7,26,42,469,75,42,14,76,20,36,38,66,67,29,60,37,68,287,38,117,2255,66,0,369,12,119,195,44,170,52,293,28,34,73,79,149,99,37,1,82,32
17.08.2020,died,15740,15740,,,99,47,241,59,51,35,186,79,30,97,8,51,111,228,75,53,58,42,25,19,87,33,143,387,14,51,68,23,15,4666,1146,121,0,433,72,315,122,66,98,97,188,98,59,23,7,26,42,470,75,42,14,76,21,36,38,66,67,29,60,37,68,288,38,117,2257,66,0,374,12,120,197,44,170,54,293,28,34,73,81,150,99,37,1,82,32
18.08.2020,died,15872,15872,,,107,47,241,60,51,35,190,80,30,97,8,51,112,237,75,53,60,42,25,20,88,35,145,392,14,51,70,24,16,4677,1151,125,0,436,72,319,130,67,99,98,190,99,60,24,7,26,42,470,75,43,14,76,23,36,38,68,67,29,60,37,68,293,38,117,2276,67,0,376,13,121,200,44,171,54,295,28,36,73,83,151,101,37,1,83,32
19.08.2020,died,15989,15989,,,107,47,241,61,51,35,191,80,30,100,9,51,112,239,75,55,60,42,25,21,89,37,148,398,15,51,70,24,16,4687,1155,129,0,438,72,324,136,67,100,99,192,99,60,24,7,27,42,474,75,46,15,76,24,36,38,69,67,31,60,38,68,298,39,121,2293,67,0,382,14,121,203,44,173,54,297,28,36,73,83,153,101,37,1,84,32
20.08.2020,died,16099,16099,,,108,47,241,62,51,35,191,82,30,103,9,51,112,239,75,55,60,42,26,21,90,37,151,403,16,51,70,25,16,4698,1157,133,0,441,72,329,141,69,101,100,194,99,60,24,7,27,43,477,76,48,15,76,26,36,38,69,67,31,60,39,68,301,39,122,2308,67,0,388,15,122,206,44,175,57,301,28,36,76,83,154,101,37,2,85,32
21.08.2020,died,16189,16189,,,110,47,241,63,51,35,191,83,32,104,9,52,112,239,75,55,60,42,26,21,91,38,154,410,17,52,70,25,16,4710,1160,133,0,443,72,335,145,71,101,101,196,99,61,25,7,27,43,478,76,48,15,77,26,36,38,69,67,31,60,39,68,301,40,122,2314,68,0,396,15,123,209,44,175,57,304,28,38,80,83,155,102,38,2,85,32
22.08.2020,died,16310,16310,,,110,47,243,65,51,35,192,84,34,104,9,52,112,239,76,57,62,42,26,21,92,38,157,416,17,52,74,25,17,4720,1161,140,0,445,72,336,150,71,101,102,197,99,61,25,7,27,43,482,76,48,15,78,27,37,38,74,67,32,60,39,68,306,41,122,2332,68,0,403,15,123,212,44,176,59,307,29,38,87,83,156,103,38,2,87,32
23.08.2020,died,16383,16383,,,110,47,245,65,51,35,192,84,34,104,9,53,112,239,77,58,62,42,26,21,93,38,160,423,17,52,74,25,18,4731,1166,144,0,447,72,339,155,71,101,102,198,100,61,25,7,27,44,483,76,48,15,79,27,37,38,74,67,32,60,39,68,308,41,123,2342,68,0,403,15,123,215,44,178,59,309,29,38,87,83,157,103,38,2,87,32
24.08.2020,died,16448,16448,,,110,47,245,66,51,35,192,85,34,104,9,54,114,239,77,58,62,42,26,21,94,38,163,429,17,52,74,25,18,4741,1169,148,0,449,72,341,159,71,101,102,199,100,61,25,8,28,45,485,76,48,15,79,27,37,38,74,67,32,60,39,68,312,41,123,2342,68,0,409,15,123,216,44,179,59,311,29,38,91,83,158,103,38,2,87,32
25.08.2020,died,16568,16568,,,111,47,245,67,51,35,193,85,34,104,9,54,115,242,77,58,64,42,26,26,95,38,166,437,17,53,74,25,18,4753,1171,152,0,451,72,344,163,72,103,103,202,101,61,26,8,28,46,485,76,48,15,79,27,37,38,79,67,32,60,39,68,318,42,123,2357,69,0,420,17,124,218,44,179,62,312,29,42,91,84,160,103,38,2,88,32
26.08.2020,died,16683,16683,,,112,47,245,68,51,35,193,87,34,105,9,55,115,245,77,58,64,42,26,30,96,39,169,442,17,53,74,25,18,4764,1174,154,0,453,72,346,167,72,104,104,203,101,61,26,8,28,46,487,76,50,15,83,27,38,38,79,67,32,60,39,68,326,42,123,2375,69,0,432,18,125,221,45,181,62,313,30,45,91,85,161,103,38,2,90,33
27.08.2020,died,16804,16804,,,112,47,248,69,51,35,193,87,34,107,9,55,117,248,77,58,67,42,26,35,97,40,172,450,17,53,79,26,18,4776,1174,157,0,456,72,349,171,74,104,105,206,101,62,26,8,28,46,489,76,52,16,83,28,39,38,79,67,32,60,41,68,332,43,124,2392,69,0,435,18,126,224,45,184,64,315,30,45,91,86,162,104,38,2,90,33
28.08.2020,died,16914,16914,,,114,47,249,70,51,35,193,90,34,107,9,56,117,248,77,58,67,42,26,41,98,40,174,458,17,53,79,26,18,4786,1178,157,0,460,72,352,175,74,105,106,209,101,62,27,8,28,46,494,76,55,16,84,30,39,38,81,67,33,60,42,70,338,43,124,2401,71,0,441,18,127,227,45,187,65,317,30,45,91,87,163,104,38,2,90,35
29.08.2020,died,17025,17025,,,116,47,251,72,53,35,194,93,35,109,9,56,118,248,77,58,67,42,26,44,98,40,176,464,17,53,79,26,18,4798,1182,158,0,465,76,354,180,75,106,107,211,103,62,27,8,29,46,495,76,56,16,85,30,39,38,81,67,34,60,42,70,344,44,124,2416,71,0,448,18,127,230,45,189,66,318,30,45,93,87,164,104,38,2,90,35
30.08.2020,died,17093,17093,,,117,47,251,72,53,35,194,97,36,109,9,56,118,248,77,58,67,42,26,44,98,40,177,470,17,53,79,26,18,4809,1185,159,0,469,76,355,180,76,106,107,213,103,65,27,8,29,47,495,76,56,16,85,30,39,38,81,67,34,65,42,70,348,44,125,2421,73,0,448,18,127,233,45,191,67,320,30,45,93,89,165,104,38,2,90,35
31.08.2020,died,17176,17176,,,119,47,251,73,53,35,194,101,36,109,9,57,118,248,78,58,67,42,26,44,98,40,182,477,17,53,79,26,18,4821,1187,159,0,473,76,358,187,76,106,107,215,103,65,27,8,29,47,497,76,56,16,85,30,39,38,83,67,34,65,42,70,351,44,125,2421,75,0,450,18,127,237,45,193,69,322,30,45,101,90,166,104,38,2,90,36
01.09.2020,died,17299,17299,,,119,47,252,74,53,35,194,104,37,115,9,57,119,250,79,58,67,42,26,45,98,40,185,481,17,53,79,27,18,4832,1193,162,0,477,86,361,193,77,108,108,215,104,65,27,8,29,50,499,76,56,16,85,31,39,38,83,67,34,65,43,70,354,44,129,2440,76,0,454,18,128,240,45,195,69,324,31,45,101,91,167,104,38,2,90,37
02.09.2020,died,17414,17414,,,119,47,252,75,53,35,195,106,38,115,9,58,119,251,79,58,69,42,26,45,98,41,187,486,17,53,80,27,18,4844,1198,165,0,481,86,364,198,77,109,109,215,105,65,27,8,29,53,502,76,56,16,85,31,39,38,83,67,34,65,45,71,359,44,133,2461,76,0,460,18,129,241,45,196,69,325,31,45,110,92,169,105,38,2,90,37
03.09.2020,died,17528,17528,,,120,47,252,75,54,35,195,108,38,117,9,58,119,252,79,58,69,42,26,45,98,41,187,492,18,54,80,28,18,4857,1204,166,0,485,86,367,203,77,110,110,215,105,65,27,8,29,54,505,76,56,16,85,31,41,38,89,67,35,65,45,71,363,45,133,2483,77,0,466,18,130,244,45,199,69,327,31,45,111,93,170,108,38,2,91,38
04.09.2020,died,17649,17649,,,122,47,252,77,54,35,196,110,39,118,9,59,120,254,79,58,69,42,28,47,98,41,189,498,19,54,82,29,18,4867,1209,168,0,488,86,371,207,81,110,111,217,107,65,28,8,29,55,506,76,56,16,85,32,41,38,90,67,35,65,45,72,369,46,134,2503,79,0,470,19,130,247,45,202,71,329,31,45,111,93,172,108,39,2,92,38
05.09.2020,died,17759,17759,,,123,47,254,79,54,35,197,112,43,123,9,59,121,254,79,58,69,42,28,48,98,41,191,501,19,54,82,30,18,4878,1213,169,0,492,86,376,211,81,110,112,220,107,65,29,8,29,55,507,76,56,16,85,33,41,38,90,67,35,65,47,73,373,46,135,2522,80,0,475,19,131,250,45,205,71,331,31,49,111,93,174,108,39,2,93,38
06.09.2020,died,17820,17820,,,127,47,255,79,54,35,197,115,43,123,9,60,121,254,79,58,71,42,28,48,98,41,193,503,19,54,83,30,18,4891,1216,170,0,494,86,378,215,81,111,112,221,107,65,29,8,29,55,507,77,56,16,85,33,41,38,90,67,35,65,47,73,373,46,135,2532,80,0,477,19,131,250,45,207,72,333,31,49,111,93,174,108,39,2,93,38
07.09.2020,died,17871,17871,,,127,47,255,80,54,35,197,117,43,123,9,60,122,254,79,58,71,42,28,48,98,41,194,506,19,54,83,30,18,4905,1218,171,0,497,86,378,220,81,111,112,221,107,65,30,8,29,55,510,77,56,16,85,34,41,38,90,67,35,65,47,73,373,46,135,2532,82,0,479,19,132,252,45,209,72,335,31,49,111,93,175,108,40,2,93,38
08.09.2020,died,17993,17993,,,131,47,255,81,54,35,197,118,43,129,9,60,122,254,79,58,71,42,28,49,100,44,196,510,20,54,85,30,18,4921,1223,173,0,501,86,381,224,81,111,113,224,108,65,30,8,29,55,512,77,59,16,86,34,43,38,90,67,35,65,47,74,378,46,137,2552,82,0,483,20,133,254,46,210,72,337,31,51,111,94,175,108,40,2,94,42
09.09.2020,died,18135,18135,,,136,49,255,82,55,35,198,120,43,129,9,61,123,259,79,58,71,42,28,49,100,44,202,513,21,54,86,30,19,4933,1226,175,0,504,86,384,228,81,113,114,227,109,65,30,8,29,60,514,77,61,16,88,35,44,38,90,67,35,67,47,75,383,47,138,2574,82,0,495,20,133,257,46,212,74,339,31,51,120,94,176,109,40,2,94,42
10.09.2020,died,18263,18263,,,139,50,256,84,55,35,198,121,44,135,9,61,123,260,80,58,71,43,28,49,102,47,205,516,21,54,86,31,19,4947,1232,176,0,506,86,387,232,81,113,115,230,109,65,30,8,30,60,515,77,62,16,89,36,44,38,90,68,36,67,47,76,389,47,138,2590,84,0,509,20,134,260,46,214,74,341,31,54,125,95,176,109,40,2,95,42
11.09.2020,died,18365,18365,,,139,50,256,85,55,35,199,122,44,138,9,62,123,261,81,58,71,49,28,49,104,49,209,518,21,54,86,32,19,4956,1237,177,0,509,86,389,235,81,114,116,232,109,65,30,10,30,60,517,77,65,16,90,36,44,39,90,68,36,67,47,76,393,47,142,2607,85,0,512,20,134,263,46,216,75,343,31,54,125,95,177,111,40,2,95,42
12.09.2020,died,18484,18484,,,141,50,256,87,55,35,199,123,44,138,9,62,125,262,81,58,71,54,28,50,106,50,215,520,22,54,86,32,19,4968,1241,180,0,515,86,390,239,81,115,117,234,109,65,30,11,30,60,521,77,65,16,91,38,45,39,90,68,37,67,47,77,397,47,142,2630,85,0,522,20,135,265,46,217,75,345,31,54,130,95,177,111,40,2,95,42
13.09.2020,died,18578,18578,,,143,50,256,87,55,35,199,125,44,138,9,63,125,262,82,58,71,57,28,50,108,50,220,521,22,54,86,32,19,4982,1244,183,0,520,86,394,242,81,115,117,236,109,65,30,11,31,61,523,77,65,16,91,41,45,39,90,68,38,67,47,79,400,47,144,2650,85,0,522,20,135,268,46,217,76,347,31,54,130,95,177,111,40,2,97,42
14.09.2020,died,18635,18635,,,143,50,256,88,55,35,199,125,44,138,10,63,125,262,82,58,71,60,28,50,110,50,224,521,22,54,87,34,19,4993,1249,185,0,526,86,397,242,81,115,117,238,109,65,30,11,31,61,524,77,65,16,91,42,45,39,90,68,38,67,47,81,403,47,144,2650,85,0,524,20,135,271,46,217,76,348,31,54,130,96,177,111,40,2,97,42
15.09.2020,died,18785,18785,,,152,50,256,89,55,35,199,126,44,140,10,64,126,264,83,61,71,64,28,55,112,53,228,523,23,55,90,34,19,5006,1255,185,0,529,86,398,248,82,116,118,240,110,65,30,12,31,61,528,77,65,16,91,42,46,39,90,68,41,67,47,81,410,47,144,2676,87,0,533,20,136,274,46,217,77,350,32,55,134,97,178,111,40,2,97,43
16.09.2020,died,18917,18917,,,154,50,257,90,57,35,199,127,44,142,10,64,126,266,84,64,71,67,28,55,114,53,229,525,24,56,91,35,19,5016,1261,188,0,532,86,401,252,82,120,119,242,111,65,30,12,31,62,529,78,65,16,92,43,46,39,90,68,44,67,47,83,416,47,145,2701,88,0,537,21,137,275,46,218,77,351,32,57,140,99,179,114,40,2,97,45
17.09.2020,died,19061,19061,,,159,50,257,91,57,35,200,128,45,148,10,65,128,269,84,65,71,67,28,56,116,58,231,525,24,56,91,35,21,5025,1267,189,0,535,86,403,255,82,120,120,244,112,65,30,12,31,62,533,78,65,16,93,44,46,39,90,68,44,67,47,83,423,47,159,2725,89,0,549,21,137,279,46,221,77,353,32,59,140,101,179,119,40,2,97,45
18.09.2020,died,19195,19195,,,161,50,257,92,57,37,200,129,45,148,10,65,129,273,85,67,71,67,28,67,118,58,235,526,25,56,91,36,22,5033,1272,192,0,538,86,407,255,82,121,121,246,112,65,31,12,31,62,538,78,65,16,96,46,46,40,90,68,45,71,47,85,430,47,163,2744,91,0,559,21,137,282,46,223,78,354,35,59,140,101,179,119,40,2,98,45
19.09.2020,died,19339,19339,,,164,50,257,94,57,37,201,130,45,153,10,65,130,274,86,67,72,67,28,67,120,58,241,530,26,56,91,37,23,5044,1278,194,0,543,86,410,261,82,122,122,248,113,65,31,12,33,62,543,78,65,16,97,47,47,40,93,68,45,71,47,85,436,47,172,2762,93,0,567,22,137,287,46,227,78,356,36,62,140,101,179,122,40,2,98,45
20.09.2020,died,19418,19418,,,169,50,257,94,57,37,201,131,45,153,10,65,130,274,87,67,72,67,28,67,121,58,244,532,26,56,91,37,24,5057,1281,196,0,543,86,413,265,82,122,122,250,113,65,31,12,33,63,547,79,65,16,97,47,47,40,93,68,46,71,47,85,441,47,172,2777,93,0,568,22,137,292,46,228,79,358,36,62,140,101,179,122,40,2,99,45
21.09.2020,died,19489,19489,,,173,50,257,95,57,37,201,131,45,153,10,65,130,277,88,68,72,67,28,67,122,58,246,534,26,56,91,38,24,5069,1285,197,0,546,86,417,268,82,122,122,253,115,65,31,12,33,63,552,79,65,16,97,47,47,40,93,68,46,71,47,85,445,47,173,2777,93,0,568,22,138,294,46,228,79,359,36,62,147,101,181,122,40,2,99,45
22.09.2020,died,19649,19649,,,175,50,258,96,57,37,201,132,45,158,10,66,130,277,89,72,74,67,28,68,123,58,251,537,27,56,95,39,25,5084,1292,199,0,550,86,420,271,82,123,123,255,115,65,31,12,36,65,557,80,67,16,101,51,48,40,93,68,46,79,48,89,451,49,175,2802,93,0,575,23,138,297,46,230,79,361,36,62,147,102,181,122,40,2,99,46
23.09.2020,died,19799,19799,,,179,50,258,98,57,37,203,134,45,163,10,66,132,278,90,73,74,67,28,75,124,59,256,540,28,56,96,41,25,5100,1298,202,0,553,86,425,271,82,125,124,258,115,65,31,12,36,65,564,82,69,16,104,54,49,40,95,68,46,83,48,89,460,49,177,2817,95,0,580,25,138,299,46,231,81,363,36,65,147,102,182,122,40,2,99,46
24.09.2020,died,19948,19948,,,184,50,258,100,57,37,203,136,45,169,10,66,132,281,91,73,74,67,28,87,125,59,262,542,28,56,98,42,25,5115,1304,205,0,556,86,428,275,82,126,125,261,115,65,31,12,36,65,571,82,69,17,105,56,49,40,95,68,47,84,48,89,468,49,178,2839,95,0,587,25,138,302,46,233,81,365,36,65,155,102,183,122,40,2,99,46
25.09.2020,died,20056,20056,,,187,52,258,100,57,37,205,138,45,169,11,67,132,281,91,73,74,67,28,87,126,62,265,544,29,56,98,42,25,5129,1311,205,0,561,86,432,275,82,126,126,264,116,65,31,12,36,65,580,82,69,17,106,58,49,40,95,68,47,84,48,92,468,49,178,2858,97,0,589,25,138,305,46,235,82,367,36,65,155,102,184,127,40,2,99,46
26.09.2020,died,20225,20225,,,189,52,258,104,58,37,208,140,46,175,11,67,132,284,91,75,74,67,28,88,127,67,271,548,30,57,98,42,25,5146,1315,208,0,564,86,435,281,82,127,128,269,116,65,31,12,36,68,589,83,71,17,108,59,49,40,95,69,48,84,48,93,477,50,184,2885,98,0,592,26,138,308,46,240,82,368,36,65,155,102,185,130,40,2,99,46
27.09.2020,died,20324,20324,,,193,52,258,105,58,37,209,141,46,175,12,68,134,284,91,75,74,67,28,91,128,67,272,548,30,57,98,42,25,5164,1319,208,0,568,86,439,284,85,127,128,272,118,65,31,12,37,68,597,83,71,17,108,59,49,41,95,69,48,84,48,93,486,50,185,2894,98,0,592,26,138,310,46,240,84,369,37,65,162,102,185,130,40,2,99,46
28.09.2020,died,20385,20385,,,195,52,258,108,58,37,211,142,46,175,13,68,134,284,91,75,74,67,28,92,129,67,273,550,30,57,98,42,25,5180,1324,208,0,571,86,441,284,85,127,128,274,118,65,31,12,39,68,604,83,71,17,108,59,49,41,95,69,48,84,48,93,486,50,188,2894,98,0,592,27,138,313,46,240,84,369,37,65,165,102,185,130,40,2,99,46
29.09.2020,died,20545,20545,,,201,52,260,110,58,38,213,144,47,181,13,68,134,287,91,75,74,67,28,95,130,68,277,550,31,57,98,42,25,5203,1331,209,0,575,86,445,289,85,128,130,277,118,65,33,12,41,68,612,83,71,22,112,62,50,41,95,70,48,84,48,93,486,50,188,2924,100,0,597,27,138,317,46,243,85,370,38,66,165,102,186,130,40,2,99,46
30.09.2020,died,20722,20722,,,206,52,260,111,58,38,216,147,47,183,14,69,134,291,92,75,74,67,29,103,131,74,278,551,32,57,98,43,25,5230,1338,214,0,578,86,449,293,85,129,132,279,118,65,33,12,41,71,621,83,71,27,112,65,50,41,95,70,48,84,48,93,495,50,191,2950,103,0,601,27,139,321,46,245,85,371,38,66,171,103,187,130,40,2,99,46
01.10.2020,died,20891,20891,,,209,52,260,114,58,38,218,151,47,184,14,69,134,297,93,75,74,67,29,106,132,77,282,554,33,57,98,44,25,5254,1344,218,0,581,86,454,297,85,129,134,282,119,65,33,12,41,71,629,83,73,32,114,67,50,41,96,70,50,84,48,93,504,51,194,2972,105,0,605,28,140,324,46,247,87,374,38,70,171,104,188,130,40,2,99,46
02.10.2020,died,21077,21077,,,211,52,260,116,58,38,221,151,47,186,14,69,136,297,94,78,74,67,29,110,133,79,287,555,34,57,98,46,26,5282,1351,222,0,583,86,457,301,87,131,136,285,119,65,33,12,41,71,638,83,75,36,118,67,50,41,97,70,50,84,48,97,514,51,199,3004,107,0,607,29,142,328,46,251,87,375,39,70,171,106,189,135,40,2,100,46
03.10.2020,died,21251,21251,,,217,52,261,118,58,38,223,151,49,188,14,69,137,299,96,80,74,70,29,110,134,79,289,557,34,58,100,46,26,5314,1358,225,0,586,86,461,305,87,132,137,288,119,66,35,12,41,72,640,83,75,38,120,69,51,42,97,70,51,84,48,97,523,52,203,3034,109,0,611,29,144,331,46,254,87,377,40,73,172,107,190,135,40,2,101,46
04.10.2020,died,21358,21358,,,219,52,261,119,58,38,226,152,49,188,15,70,138,299,97,81,74,70,29,110,135,79,291,559,34,58,100,46,26,5343,1364,225,0,588,86,464,308,87,132,137,290,119,66,35,12,42,72,642,83,75,38,120,69,51,42,97,70,51,84,48,97,532,52,203,3059,111,0,612,29,144,331,46,255,88,379,40,73,172,107,191,135,40,2,101,46
05.10.2020,died,21475,21475,,,221,52,262,120,58,38,227,152,49,190,16,70,138,302,98,81,74,70,29,113,136,79,293,561,36,58,100,46,26,5370,1369,225,0,590,86,469,312,87,132,137,292,120,66,35,12,42,75,647,84,75,38,120,71,51,42,97,70,51,84,48,97,541,52,203,3073,112,0,615,29,144,332,46,255,88,381,40,73,173,108,192,138,41,2,101,47
06.10.2020,died,21663,21663,,,227,52,262,122,58,38,230,154,49,194,18,71,138,309,100,81,74,70,29,118,137,79,297,562,37,58,100,47,26,5401,1376,228,0,592,86,473,316,87,134,137,297,120,66,35,12,42,75,656,84,77,38,121,72,51,42,99,70,51,84,48,98,551,52,206,3107,115,0,622,32,146,334,46,259,88,381,41,73,173,108,194,138,41,2,102,47
07.10.2020,died,21865,21865,,,235,54,263,124,58,40,232,156,50,195,19,71,141,311,101,83,74,70,29,123,138,79,301,565,37,58,100,48,26,5442,1384,228,0,596,86,476,320,87,134,137,301,120,66,36,12,42,77,663,84,77,38,126,77,52,42,103,70,55,84,48,100,559,52,206,3137,116,0,627,33,147,337,46,263,88,384,42,73,173,110,196,139,41,2,103,47
08.10.2020,died,22056,22056,,,240,57,263,126,58,40,235,158,50,199,19,71,141,312,102,85,74,70,29,126,139,79,305,568,39,58,100,49,27,5497,1390,228,0,600,86,481,324,87,135,137,305,122,66,36,12,43,77,666,85,77,38,129,82,55,43,105,70,55,85,48,100,559,53,207,3162,118,0,633,35,149,340,46,266,90,385,42,73,173,110,198,139,41,2,104,48
09.10.2020,died,22257,22257,,,248,57,265,128,58,40,237,160,54,201,19,72,143,315,103,85,74,70,29,133,145,87,309,570,41,60,100,50,27,5530,1397,231,0,605,86,483,328,87,136,138,309,122,67,36,12,43,81,672,86,77,38,131,84,55,43,105,70,57,85,48,102,568,53,207,3184,120,0,640,36,151,343,46,268,90,385,43,76,173,112,200,142,41,2,105,48
10.10.2020,died,22448,22448,,,250,57,266,129,58,41,237,160,54,207,19,72,144,317,103,85,74,70,29,133,146,90,314,572,44,60,100,51,28,5560,1406,234,0,609,86,488,328,89,137,139,314,122,67,38,12,44,81,678,86,79,38,136,85,55,44,105,70,59,85,48,105,578,54,207,3220,121,0,646,38,152,346,46,271,90,387,45,79,175,114,202,142,42,2,106,48
11.10.2020,died,22597,22597,,,253,57,266,129,58,41,237,161,54,209,19,72,144,318,105,87,74,70,30,137,147,90,318,575,44,60,100,51,28,5595,1412,234,0,613,86,491,335,89,137,139,317,122,67,38,12,45,81,681,86,79,38,136,87,56,44,105,70,61,85,48,105,587,54,207,3241,122,0,651,39,154,348,46,271,92,389,45,83,180,116,203,142,42,2,106,49
12.10.2020,died,22722,22722,,,254,57,266,131,58,41,237,161,54,209,19,72,145,318,107,88,74,70,30,143,147,90,322,578,44,60,100,52,28,5629,1417,234,0,618,86,496,341,89,137,139,321,122,67,38,12,46,82,684,86,79,38,136,89,56,44,105,70,64,85,48,105,596,54,209,3241,124,0,655,39,154,352,46,271,93,391,45,86,184,117,205,142,42,2,106,50
13.10.2020,died,22966,22966,,,258,57,268,133,58,41,237,165,54,217,19,72,148,320,108,89,74,70,30,146,149,90,327,581,47,60,103,53,29,5687,1426,237,0,624,86,501,346,90,139,140,325,124,67,38,12,46,89,690,86,79,38,136,91,56,44,106,70,70,85,48,106,605,54,209,3275,126,0,661,41,157,356,46,273,93,393,46,90,190,118,206,142,42,2,106,50
14.10.2020,died,23205,23205,,,261,57,271,135,58,41,239,167,55,225,19,72,151,321,109,90,74,70,30,151,150,90,332,585,50,60,103,54,30,5739,1434,238,0,631,87,507,350,92,140,141,328,124,67,38,12,46,92,696,86,79,38,139,94,57,45,106,70,75,85,51,109,614,54,213,3305,128,0,665,42,159,360,46,276,96,393,49,94,195,119,206,145,42,2,106,50
15.10.2020,died,23491,23491,,,267,60,271,137,58,43,239,170,55,230,19,72,153,322,110,91,74,70,30,158,151,95,336,589,53,61,103,55,31,5796,1443,243,0,637,87,513,354,93,141,142,333,125,67,39,12,47,92,705,86,83,38,146,97,57,45,106,70,82,86,54,109,626,54,216,3351,129,0,672,44,162,366,46,278,96,394,50,99,202,121,207,147,42,2,106,50
16.10.2020,died,23723,23723,,,270,60,271,139,59,46,240,172,55,234,19,74,154,322,110,91,74,70,30,165,152,95,339,593,56,63,103,56,32,5850,1452,247,0,644,87,519,358,93,143,143,337,126,67,39,12,47,92,709,86,85,38,150,98,59,45,106,70,87,88,54,111,633,55,219,3376,132,0,678,45,165,368,46,281,101,396,51,104,207,122,208,147,43,2,106,52
17.10.2020,died,24002,24002,,,277,60,271,141,59,46,243,175,57,238,19,78,155,324,112,91,77,70,30,167,153,95,343,596,59,65,106,57,33,5906,1462,251,0,650,87,524,362,95,144,145,342,129,67,41,12,47,92,712,86,86,38,157,105,59,46,106,70,94,96,57,113,644,56,223,3407,134,0,685,47,173,372,46,285,101,398,51,105,214,123,210,147,43,2,106,52
18.10.2020,died,24187,24187,,,277,60,271,141,59,46,245,175,57,239,22,81,158,324,114,91,79,70,30,167,154,95,348,598,60,65,106,58,34,5958,1470,252,0,655,87,528,367,96,144,148,346,131,67,41,12,47,92,712,86,86,38,162,107,59,47,106,70,100,96,57,113,653,56,227,3422,136,0,692,48,180,376,46,285,101,400,51,105,220,123,212,147,43,2,106,52
19.10.2020,died,24366,24366,,,280,60,271,143,59,47,246,178,57,239,22,86,158,327,117,91,79,70,30,171,155,95,353,602,60,65,106,59,34,6009,1478,254,0,660,87,533,367,96,144,151,350,134,67,41,12,47,93,714,86,86,38,166,110,59,47,106,70,103,96,57,113,664,56,231,3422,138,0,699,51,186,379,46,285,104,402,51,105,222,123,213,152,43,2,106,52
